<?xml version="1.0" encoding="UTF-8"?>
<beans xmlns="http://www.springframework.org/schema/beans"
	xmlns:xsi="http://www.w3.org/2001/XMLSchema-instance"
    xmlns:batch="http://www.springframework.org/schema/batch"
	xsi:schemaLocation="
	http://www.springframework.org/schema/batch http://www.springframework.org/schema/batch/spring-batch-2.1.xsd
	http://www.springframework.org/schema/beans http://www.springframework.org/schema/beans/spring-beans-3.0.xsd">

	<description>MySQL＋インメモリ・メタデータ</description>

	<batch:job id="job1">
		<batch:step id="step1"  >
			<batch:tasklet transaction-manager="transactionManager" start-limit="100" >
				<batch:chunk reader="reader" writer="writer" commit-interval="1" />
			</batch:tasklet>
		</batch:step>
	</batch:job>

<!-- メタデータをメモリ管理するための設定 -->
<bean id="transactionManager"
    class="org.springframework.batch.support.transaction.ResourcelessTransactionManager" />

<!--
 -->
<bean id="jobRepository"
    class="org.springframework.batch.core.repository.support.MapJobRepositoryFactoryBean">
    <property name="transactionManager" ref="transactionManager" />
</bean>

<bean id="jobLauncher"
    class="org.springframework.batch.core.launch.support.SimpleJobLauncher">
    <property name="jobRepository" ref="jobRepository" />
</bean>

<!-- myBatis使用 -->
<bean id="sqlSessionFactory" class="org.mybatis.spring.SqlSessionFactoryBean">
  <property name="dataSource" ref="dataSource" />
  <property name="mapperLocations" value="classpath:/META-INF/spring/mapper-word.xml" />
</bean>

<bean id="reader" class="org.mybatis.spring.batch.MyBatisPagingItemReader">
  <property name="sqlSessionFactory" ref="sqlSessionFactory" />
  <property name="queryId" value="selectWord"/>
  <property name="pageSize" value="10000"/>
</bean>

</beans>
